{
	"credit": "Made by Flubberschnub",
	"texture_size": [128, 128],
	"textures": {
		"1": "nyctocosm:mobs/nightmare_apparition/nightmare_apparition_full_attacking",
		"particle": "nyctocosm:mobs/nightmare_apparition/nightmare_apparition_attacking"
	},
	"elements": [
		{
			"name": "body",
			"from": [4, 5, 6],
			"to": [12, 17, 10],
			"rotation": {"angle": 0, "axis": "x", "origin": [8, 5, 8]},
			"faces": {
				"north": {"uv": [2, 5.625, 3, 7.125], "texture": "#1"},
				"east": {"uv": [6, 4, 6.5, 5.5], "texture": "#1"},
				"south": {"uv": [3, 5.625, 4, 7.125], "texture": "#1"},
				"west": {"uv": [6, 5.5, 6.5, 7], "texture": "#1"},
				"up": {"uv": [1, 8, 0, 7.5], "texture": "#1"},
				"down": {"uv": [8.5, 0, 7.5, 0.5], "texture": "#1"}
			}
		},
		{
			"name": "head",
			"from": [4, 17, 4],
			"to": [12, 25, 12],
			"rotation": {"angle": -45, "axis": "x", "origin": [8, 17, 8]},
			"faces": {
				"north": {"uv": [4, 5.625, 5, 6.625], "texture": "#1"},
				"east": {"uv": [5, 5.625, 6, 6.625], "texture": "#1"},
				"south": {"uv": [6, 0, 7, 1], "texture": "#1"},
				"west": {"uv": [6, 1, 7, 2], "texture": "#1"},
				"up": {"uv": [7, 3, 6, 2], "texture": "#1"},
				"down": {"uv": [7, 3, 6, 4], "texture": "#1"}
			}
		},
		{
			"name": "right_arm",
			"from": [12, 5, 6],
			"to": [16, 17, 10],
			"rotation": {"angle": 45, "axis": "x", "origin": [12, 15, 8]},
			"faces": {
				"north": {"uv": [6.5, 4, 7, 5.5], "texture": "#1"},
				"east": {"uv": [6.5, 5.5, 7, 7], "texture": "#1"},
				"south": {"uv": [4, 6.625, 4.5, 8.125], "texture": "#1"},
				"west": {"uv": [4.5, 6.625, 5, 8.125], "texture": "#1"},
				"up": {"uv": [4, 7.625, 3.5, 7.125], "texture": "#1"},
				"down": {"uv": [8, 0.5, 7.5, 1], "texture": "#1"}
			}
		},
		{
			"name": "left_arm",
			"from": [0, 5, 6],
			"to": [4, 17, 10],
			"rotation": {"angle": 22.5, "axis": "x", "origin": [4, 15, 8]},
			"faces": {
				"north": {"uv": [5, 6.625, 5.5, 8.125], "texture": "#1"},
				"east": {"uv": [5.5, 6.625, 6, 8.125], "texture": "#1"},
				"south": {"uv": [7, 0, 7.5, 1.5], "texture": "#1"},
				"west": {"uv": [7, 1.5, 7.5, 3], "texture": "#1"},
				"up": {"uv": [1.5, 8, 1, 7.5], "texture": "#1"},
				"down": {"uv": [8, 1, 7.5, 1.5], "texture": "#1"}
			}
		},
		{
			"name": "right_leg",
			"from": [8, -7, 6],
			"to": [12, 5, 10],
			"rotation": {"angle": -22.5, "axis": "x", "origin": [10, 5, 8]},
			"faces": {
				"north": {"uv": [7, 3, 7.5, 4.5], "texture": "#1"},
				"east": {"uv": [7, 4.5, 7.5, 6], "texture": "#1"},
				"south": {"uv": [6, 7, 6.5, 8.5], "texture": "#1"},
				"west": {"uv": [7, 6, 7.5, 7.5], "texture": "#1"},
				"up": {"uv": [2, 8, 1.5, 7.5], "texture": "#1"},
				"down": {"uv": [8, 1.5, 7.5, 2], "texture": "#1"}
			}
		},
		{
			"name": "left_leg",
			"from": [4, -7, 6],
			"to": [8, 5, 10],
			"rotation": {"angle": -45, "axis": "x", "origin": [6, 5, 8]},
			"faces": {
				"north": {"uv": [6.5, 7, 7, 8.5], "texture": "#1"},
				"east": {"uv": [2, 7.125, 2.5, 8.625], "texture": "#1"},
				"south": {"uv": [2.5, 7.125, 3, 8.625], "texture": "#1"},
				"west": {"uv": [3, 7.125, 3.5, 8.625], "texture": "#1"},
				"up": {"uv": [8, 2.5, 7.5, 2], "texture": "#1"},
				"down": {"uv": [8, 2.5, 7.5, 3], "texture": "#1"}
			}
		},
		{
			"name": "tatters",
			"from": [16.25, 2, -2.5],
			"to": [16.25, 17, 13],
			"rotation": {"angle": 0, "axis": "x", "origin": [12, 15, 8]},
			"faces": {
				"north": {"uv": [0, 0, 0, 1.875], "texture": "#1"},
				"east": {"uv": [0, 0, 2, 1.875], "texture": "#1"},
				"south": {"uv": [0, 0, 0, 1.875], "texture": "#1"},
				"west": {"uv": [2, 1.875, 0, 3.75], "texture": "#1"},
				"up": {"uv": [0, 2, 0, 0], "texture": "#1"},
				"down": {"uv": [0, 0, 0, 2], "texture": "#1"}
			}
		},
		{
			"name": "tatters",
			"from": [12.25, -13, 3],
			"to": [12.25, 2, 18.5],
			"rotation": {"angle": 0, "axis": "x", "origin": [12, 15, 8]},
			"faces": {
				"north": {"uv": [0, 0, 0, 1.875], "texture": "#1"},
				"east": {"uv": [6, 0, 4, 1.875], "texture": "#1"},
				"south": {"uv": [0, 0, 0, 1.875], "texture": "#1"},
				"west": {"uv": [4, 1.875, 6, 3.75], "texture": "#1"},
				"up": {"uv": [0, 0, 0, 2], "texture": "#1"},
				"down": {"uv": [0, 2, 0, 0], "texture": "#1"}
			}
		},
		{
			"name": "tatters",
			"from": [3.75, -13, 3],
			"to": [3.75, 2, 18.5],
			"rotation": {"angle": 0, "axis": "x", "origin": [12, 15, 8]},
			"faces": {
				"north": {"uv": [0, 0, 0, 1.875], "texture": "#1"},
				"east": {"uv": [4, 3.75, 6, 5.625], "texture": "#1"},
				"south": {"uv": [0, 0, 0, 1.875], "texture": "#1"},
				"west": {"uv": [2, 5.625, 0, 7.5], "texture": "#1"},
				"up": {"uv": [0, 0, 0, 2], "texture": "#1"},
				"down": {"uv": [0, 2, 0, 0], "texture": "#1"}
			}
		},
		{
			"name": "tatters",
			"from": [-0.25, 2, -2.5],
			"to": [-0.25, 17, 13],
			"rotation": {"angle": 0, "axis": "x", "origin": [12, 15, 8]},
			"faces": {
				"north": {"uv": [0, 0, 0, 1.875], "texture": "#1"},
				"east": {"uv": [4, 0, 2, 1.875], "texture": "#1"},
				"south": {"uv": [0, 0, 0, 1.875], "texture": "#1"},
				"west": {"uv": [2, 1.875, 4, 3.75], "texture": "#1"},
				"up": {"uv": [0, 2, 0, 0], "texture": "#1"},
				"down": {"uv": [0, 0, 0, 2], "texture": "#1"}
			}
		},
		{
			"name": "tatters",
			"from": [0.25, 2.5, 3],
			"to": [15.75, 17.5, 3],
			"rotation": {"angle": 0, "axis": "y", "origin": [5.25, 13.5, 20.25]},
			"faces": {
				"north": {"uv": [0, 3.75, 2, 5.625], "texture": "#1"},
				"east": {"uv": [0, 0, 0, 1.875], "texture": "#1"},
				"south": {"uv": [2, 3.75, 4, 5.625], "texture": "#1"},
				"west": {"uv": [0, 0, 0, 1.875], "texture": "#1"},
				"up": {"uv": [2, 0, 0, 0], "texture": "#1"},
				"down": {"uv": [2, 0, 0, 0], "texture": "#1"}
			}
		}
	],
	"display": {
		"head": {
			"translation": [0, -18.5, 0],
			"scale": [1.666, 1.6666, 1.6666]
		}
	},
	"groups": [
		{
			"name": "steve",
			"origin": [8, 8, 8],
			"color": 0,
			"nbt": "{}",
			"armAnimationEnabled": false,
			"children": [
				{
					"name": "group",
					"origin": [8, 11.5, 8],
					"color": 0,
					"nbt": "{}",
					"armAnimationEnabled": false,
					"children": [0, 1]
				},
				2,
				3,
				4,
				5
			]
		},
		6,
		7,
		8,
		9,
		10
	]
}