{
	"credit": "Made by Flubberschnub",
	"textures": {
		"0": "nyctocosm:portal/portal_surface_upper",
		"particle": "nyctocosm:portal/portal_surface_upper"
	},
	"elements": [
		{
			"from": [8, -16, -8],
			"to": [8, 32, 24],
			"rotation": {"angle": 0, "axis": "y", "origin": [7.75, 8, 7]},
			"faces": {
				"north": {"uv": [0.25, 0.25, 0.75, 0.75], "texture": "#0"},
				"east": {"uv": [1.25, 0.25, 1.75, 0.75], "texture": "#0"},
				"south": {"uv": [2.25, 0.25, 2.75, 0.75], "texture": "#0"},
				"west": {"uv": [3.25, 0.25, 3.75, 0.75], "texture": "#0"},
				"up": {"uv": [4.25, 0.25, 4.75, 0.75], "texture": "#0"},
				"down": {"uv": [5.25, 0.25, 5.75, 0.75], "texture": "#0"}
			}
		}
	],
	"display": {
		"head": {
			"translation": [0, -43, 0],
			"scale": [1.6, 1.6, 1.6]
		}
	}
}