{
	"credit": "Made with Blockbench",
	"texture_size": [32, 32],
	"textures": {
		"2": "nyctocosm:magic/planar_ring_active",
		"particle": "nyctocosm:magic/magic_plane"
	},
	"elements": [
		{
			"name": "hexadecagon",
			"from": [10.25, 7.40326, 7.375],
			"to": [11, 8.59674, 8.625],
			"rotation": {"angle": -45, "axis": "z", "origin": [8, 8, 8]},
			"faces": {
				"north": {"uv": [5.5, 7, 6, 7.5], "texture": "#2"},
				"east": {"uv": [3.5, 0, 4.25, 0.5], "texture": "#2"},
				"south": {"uv": [7, 6, 7.5, 6.5], "texture": "#2"},
				"west": {"uv": [3.5, 0.5, 4.25, 1], "texture": "#2"},
				"up": {"uv": [4, 1.75, 3.5, 1], "texture": "#2"},
				"down": {"uv": [4, 2, 3.5, 2.75], "texture": "#2"}
			}
		},
		{
			"name": "hexadecagon",
			"from": [10.25, 7.40326, 7.375],
			"to": [11, 8.59674, 8.625],
			"rotation": {"angle": -22.5, "axis": "z", "origin": [8, 8, 8]},
			"faces": {
				"north": {"uv": [6.5, 7, 7, 7.5], "texture": "#2"},
				"east": {"uv": [3.5, 3, 4.25, 3.5], "texture": "#2"},
				"south": {"uv": [7, 7, 7.5, 7.5], "texture": "#2"},
				"west": {"uv": [3.5, 3.5, 4.25, 4], "texture": "#2"},
				"up": {"uv": [4.5, 1.75, 4, 1], "texture": "#2"},
				"down": {"uv": [4.5, 2, 4, 2.75], "texture": "#2"}
			}
		},
		{
			"name": "hexadecagon",
			"from": [10.25, 7.40326, 7.375],
			"to": [11, 8.59674, 8.625],
			"rotation": {"angle": 0, "axis": "x", "origin": [8, 8, 8]},
			"faces": {
				"north": {"uv": [0, 7.5, 0.5, 8], "texture": "#2"},
				"east": {"uv": [3.5, 4, 4.25, 4.5], "texture": "#2"},
				"south": {"uv": [7.5, 0, 8, 0.5], "texture": "#2"},
				"west": {"uv": [4.5, 0, 5.25, 0.5], "texture": "#2"},
				"up": {"uv": [5, 1.25, 4.5, 0.5], "texture": "#2"},
				"down": {"uv": [5, 1.5, 4.5, 2.25], "texture": "#2"}
			}
		},
		{
			"name": "hexadecagon",
			"from": [10.25, 7.40326, 7.375],
			"to": [11, 8.59674, 8.625],
			"rotation": {"angle": 22.5, "axis": "z", "origin": [8, 8, 8]},
			"faces": {
				"north": {"uv": [0.5, 7.5, 1, 8], "texture": "#2"},
				"east": {"uv": [4.5, 2.5, 5.25, 3], "texture": "#2"},
				"south": {"uv": [7.5, 0.5, 8, 1], "texture": "#2"},
				"west": {"uv": [4.5, 3, 5.25, 3.5], "texture": "#2"},
				"up": {"uv": [4, 5.25, 3.5, 4.5], "texture": "#2"},
				"down": {"uv": [5, 3.5, 4.5, 4.25], "texture": "#2"}
			}
		},
		{
			"name": "hexadecagon",
			"from": [10.25, 7.40326, 7.375],
			"to": [11, 8.59674, 8.625],
			"rotation": {"angle": 45, "axis": "z", "origin": [8, 8, 8]},
			"faces": {
				"north": {"uv": [7.5, 1, 8, 1.5], "texture": "#2"},
				"east": {"uv": [4, 4.5, 4.75, 5], "texture": "#2"},
				"south": {"uv": [1.5, 7.5, 2, 8], "texture": "#2"},
				"west": {"uv": [5, 0.5, 5.75, 1], "texture": "#2"},
				"up": {"uv": [5.5, 1.75, 5, 1], "texture": "#2"},
				"down": {"uv": [5.5, 3.5, 5, 4.25], "texture": "#2"}
			}
		},
		{
			"name": "hexadecagon",
			"from": [5, 7.40326, 7.375],
			"to": [5.75, 8.59674, 8.625],
			"rotation": {"angle": -45, "axis": "z", "origin": [8, 8, 8]},
			"faces": {
				"north": {"uv": [2, 7.5, 2.5, 8], "texture": "#2"},
				"east": {"uv": [5, 2, 5.75, 2.5], "texture": "#2"},
				"south": {"uv": [7.5, 2, 8, 2.5], "texture": "#2"},
				"west": {"uv": [4, 5, 4.75, 5.5], "texture": "#2"},
				"up": {"uv": [5.5, 5.25, 5, 4.5], "texture": "#2"},
				"down": {"uv": [6, 1, 5.5, 1.75], "texture": "#2"}
			}
		},
		{
			"name": "hexadecagon",
			"from": [5, 7.40326, 7.375],
			"to": [5.75, 8.59674, 8.625],
			"rotation": {"angle": -22.5, "axis": "z", "origin": [8, 8, 8]},
			"faces": {
				"north": {"uv": [7.5, 2.5, 8, 3], "texture": "#2"},
				"east": {"uv": [5.5, 0, 6.25, 0.5], "texture": "#2"},
				"south": {"uv": [3, 7.5, 3.5, 8], "texture": "#2"},
				"west": {"uv": [5.5, 2.5, 6.25, 3], "texture": "#2"},
				"up": {"uv": [6, 3.75, 5.5, 3], "texture": "#2"},
				"down": {"uv": [4, 5.5, 3.5, 6.25], "texture": "#2"}
			}
		},
		{
			"name": "hexadecagon",
			"from": [5, 7.40326, 7.375],
			"to": [5.75, 8.59674, 8.625],
			"rotation": {"angle": 0, "axis": "x", "origin": [8, 8, 8]},
			"faces": {
				"north": {"uv": [3.5, 7.5, 4, 8], "texture": "#2"},
				"east": {"uv": [4, 5.5, 4.75, 6], "texture": "#2"},
				"south": {"uv": [7.5, 3.5, 8, 4], "texture": "#2"},
				"west": {"uv": [5.5, 4, 6.25, 4.5], "texture": "#2"},
				"up": {"uv": [6, 5.25, 5.5, 4.5], "texture": "#2"},
				"down": {"uv": [5.5, 5.5, 5, 6.25], "texture": "#2"}
			}
		},
		{
			"name": "hexadecagon",
			"from": [5, 7.40326, 7.375],
			"to": [5.75, 8.59674, 8.625],
			"rotation": {"angle": 22.5, "axis": "z", "origin": [8, 8, 8]},
			"faces": {
				"north": {"uv": [7.5, 4, 8, 4.5], "texture": "#2"},
				"east": {"uv": [5.5, 5.5, 6.25, 6], "texture": "#2"},
				"south": {"uv": [4.5, 7.5, 5, 8], "texture": "#2"},
				"west": {"uv": [6, 0.5, 6.75, 1], "texture": "#2"},
				"up": {"uv": [6.5, 1.75, 6, 1], "texture": "#2"},
				"down": {"uv": [6.5, 3, 6, 3.75], "texture": "#2"}
			}
		},
		{
			"name": "hexadecagon",
			"from": [5, 7.40326, 7.375],
			"to": [5.75, 8.59674, 8.625],
			"rotation": {"angle": 45, "axis": "z", "origin": [8, 8, 8]},
			"faces": {
				"north": {"uv": [7.5, 4.5, 8, 5], "texture": "#2"},
				"east": {"uv": [6, 2, 6.75, 2.5], "texture": "#2"},
				"south": {"uv": [5, 7.5, 5.5, 8], "texture": "#2"},
				"west": {"uv": [4, 6, 4.75, 6.5], "texture": "#2"},
				"up": {"uv": [6.5, 5.25, 6, 4.5], "texture": "#2"},
				"down": {"uv": [6, 6, 5.5, 6.75], "texture": "#2"}
			}
		},
		{
			"name": "hexadecagon",
			"from": [7.40326, 5, 7.375],
			"to": [8.59674, 5.75, 8.625],
			"rotation": {"angle": -22.5, "axis": "z", "origin": [8, 8, 8]},
			"faces": {
				"north": {"uv": [7.5, 5, 8, 5.5], "texture": "#2"},
				"east": {"uv": [6, 6, 6.75, 6.5], "texture": "#2"},
				"south": {"uv": [5.5, 7.5, 6, 8], "texture": "#2"},
				"west": {"uv": [6.5, 0, 7.25, 0.5], "texture": "#2"},
				"up": {"uv": [7, 1.75, 6.5, 1], "texture": "#2"},
				"down": {"uv": [7, 2.5, 6.5, 3.25], "texture": "#2"}
			}
		},
		{
			"name": "hexadecagon",
			"from": [7.40326, 5, 7.375],
			"to": [8.59674, 5.75, 8.625],
			"rotation": {"angle": 0, "axis": "x", "origin": [8, 8, 8]},
			"faces": {
				"north": {"uv": [7.5, 5.5, 8, 6], "texture": "#2"},
				"east": {"uv": [3.5, 6.5, 4.25, 7], "texture": "#2"},
				"south": {"uv": [6, 7.5, 6.5, 8], "texture": "#2"},
				"west": {"uv": [6.5, 3.5, 7.25, 4], "texture": "#2"},
				"up": {"uv": [7, 4.75, 6.5, 4], "texture": "#2"},
				"down": {"uv": [5, 6.5, 4.5, 7.25], "texture": "#2"}
			}
		},
		{
			"name": "hexadecagon",
			"from": [7.40326, 5, 7.375],
			"to": [8.59674, 5.75, 8.625],
			"rotation": {"angle": 22.5, "axis": "z", "origin": [8, 8, 8]},
			"faces": {
				"north": {"uv": [7.5, 6, 8, 6.5], "texture": "#2"},
				"east": {"uv": [6.5, 5, 7.25, 5.5], "texture": "#2"},
				"south": {"uv": [6.5, 7.5, 7, 8], "texture": "#2"},
				"west": {"uv": [6.5, 5.5, 7.25, 6], "texture": "#2"},
				"up": {"uv": [5.5, 7.25, 5, 6.5], "texture": "#2"},
				"down": {"uv": [6.5, 6.5, 6, 7.25], "texture": "#2"}
			}
		},
		{
			"name": "hexadecagon",
			"from": [7.40326, 10.25, 7.375],
			"to": [8.59674, 11, 8.625],
			"rotation": {"angle": -22.5, "axis": "z", "origin": [8, 8, 8]},
			"faces": {
				"north": {"uv": [7.5, 6.5, 8, 7], "texture": "#2"},
				"east": {"uv": [6.5, 6.5, 7.25, 7], "texture": "#2"},
				"south": {"uv": [7, 7.5, 7.5, 8], "texture": "#2"},
				"west": {"uv": [0, 7, 0.75, 7.5], "texture": "#2"},
				"up": {"uv": [7.5, 1.25, 7, 0.5], "texture": "#2"},
				"down": {"uv": [1.5, 7, 1, 7.75], "texture": "#2"}
			}
		},
		{
			"name": "hexadecagon",
			"from": [7.40326, 10.25, 7.375],
			"to": [8.59674, 11, 8.625],
			"rotation": {"angle": 0, "axis": "x", "origin": [8, 8, 8]},
			"faces": {
				"north": {"uv": [7.5, 7, 8, 7.5], "texture": "#2"},
				"east": {"uv": [1.5, 7, 2.25, 7.5], "texture": "#2"},
				"south": {"uv": [7.5, 7.5, 8, 8], "texture": "#2"},
				"west": {"uv": [7, 1.5, 7.75, 2], "texture": "#2"},
				"up": {"uv": [7.5, 2.75, 7, 2], "texture": "#2"},
				"down": {"uv": [3, 7, 2.5, 7.75], "texture": "#2"}
			}
		},
		{
			"name": "hexadecagon",
			"from": [7.40326, 10.25, 7.375],
			"to": [8.59674, 11, 8.625],
			"rotation": {"angle": 22.5, "axis": "z", "origin": [8, 8, 8]},
			"faces": {
				"north": {"uv": [0, 8, 0.5, 8.5], "texture": "#2"},
				"east": {"uv": [3, 7, 3.75, 7.5], "texture": "#2"},
				"south": {"uv": [8, 0, 8.5, 0.5], "texture": "#2"},
				"west": {"uv": [7, 3, 7.75, 3.5], "texture": "#2"},
				"up": {"uv": [4.5, 7.75, 4, 7], "texture": "#2"},
				"down": {"uv": [7.5, 4, 7, 4.75], "texture": "#2"}
			}
		},
		{
			"from": [4.5, 11.5, 4.5],
			"to": [11.5, 11.5, 11.5],
			"rotation": {"angle": 0, "axis": "y", "origin": [7, -5, 7]},
			"faces": {
				"up": {"uv": [3.5, 3.5, 0, 0], "texture": "#2"},
				"down": {"uv": [3.5, 3.5, 0, 7], "texture": "#2"}
			}
		},
		{
			"from": [7.5, 11, 7.5],
			"to": [8.5, 12, 8.5],
			"rotation": {"angle": 0, "axis": "y", "origin": [8.5, 4.5, 8.5]},
			"faces": {
				"north": {"uv": [4, 8, 4.5, 8.5], "texture": "#2"},
				"east": {"uv": [8, 4, 8.5, 4.5], "texture": "#2"},
				"south": {"uv": [4.5, 8, 5, 8.5], "texture": "#2"},
				"west": {"uv": [8, 4.5, 8.5, 5], "texture": "#2"},
				"up": {"uv": [5.5, 8.5, 5, 8], "texture": "#2"},
				"down": {"uv": [8.5, 5, 8, 5.5], "texture": "#2"}
			}
		}
	],
	"display": {
		"thirdperson_righthand": {
			"rotation": [90, 90, 180],
			"translation": [0.75, -1.5, 0.25],
			"scale": [0.3, 0.3, 0.3]
		},
		"thirdperson_lefthand": {
			"rotation": [90, 90, 180],
			"translation": [0.75, -1.5, 0.25],
			"scale": [0.3, 0.3, 0.3]
		},
		"firstperson_righthand": {
			"rotation": [47.24, -58.14, 51.82],
			"translation": [-2, 4.75, 4],
			"scale": [0.5, 0.5, 0.5]
		},
		"firstperson_lefthand": {
			"rotation": [47.24, -58.14, 51.82],
			"translation": [-2, 4.75, 4],
			"scale": [0.5, 0.5, 0.5]
		},
		"ground": {
			"rotation": [0, 0, 45],
			"scale": [0.5, 0.5, 0.5]
		},
		"gui": {
			"rotation": [43, 38, 0],
			"translation": [0, -2, 0],
			"scale": [1.5, 1.5, 1.5]
		},
		"fixed": {
			"rotation": [-35, 0, 0],
			"translation": [0, 0, -1.25]
		}
	},
	"groups": [
		{
			"name": "hexadecagon",
			"origin": [8, 8, 8],
			"color": 0,
			"nbt": "{}",
			"armAnimationEnabled": false,
			"children": [0, 1, 2, 3, 4, 5, 6, 7, 8, 9, 10, 11, 12, 13, 14, 15]
		},
		16,
		17
	]
}