{
	"__credit": "Generated using Animated Java (https://animated-java.dev/)",
	"textures": {
		"0": "nyctocosm:mobs/death_walker/death_walker"
	},
	"elements": [
		{
			"faces": {
				"north": {"uv": [2.75, 6.84375, 2.96875, 8.25], "texture": "#0"},
				"east": {"uv": [2.96875, 6.84375, 3.1875, 8.25], "texture": "#0"},
				"south": {"uv": [6.28125, 6.9375, 6.5, 8.34375], "texture": "#0"},
				"west": {"uv": [1.625, 6.96875, 1.84375, 8.375], "texture": "#0"},
				"up": {"uv": [7.40625, 3.5, 7.1875, 3.28125], "texture": "#0"},
				"down": {"uv": [7.40625, 3.5, 7.1875, 3.71875], "texture": "#0"}
			},
			"to": [9.4, 13.9, 9.4],
			"from": [6.6, -3.9, 6.6],
			"rotation": {"angle": 0, "axis": "y", "origin": [-7.2, -12.7, 6.4]}
		}
	],
	"display": {
		"head": {
			"translation": [0, 5.6, 0],
			"scale": [4, 4, 4],
			"rotation": [0, 0, 0]
		}
	}
}