{
	"__credit": "Generated using Animated Java (https://animated-java.dev/)",
	"textures": {
		"0": "nyctocosm:mobs/death_walker/death_walker"
	},
	"elements": [
		{
			"faces": {
				"north": {"uv": [1.03125, 2.9375, 1.8125, 4.3125], "texture": "#0"},
				"east": {"uv": [1.8125, 2.9375, 2.59375, 4.3125], "texture": "#0"},
				"south": {"uv": [3.84375, 1.21875, 4.625, 2.59375], "texture": "#0"},
				"west": {"uv": [3.84375, 2.59375, 4.625, 3.96875], "texture": "#0"},
				"up": {"uv": [5.40625, 3.625, 4.625, 2.84375], "texture": "#0"},
				"down": {"uv": [5.5625, 0, 4.78125, 0.78125], "texture": "#0"}
			},
			"to": [13, 26.7, 13],
			"from": [3, 9.3, 3],
			"rotation": {"angle": 0, "axis": "y", "origin": [8, -24.3, 8]}
		}
	],
	"display": {
		"head": {
			"translation": [0, 5.6, 0],
			"scale": [4, 4, 4],
			"rotation": [0, 0, 0]
		}
	}
}