{
	"__credit": "Generated using Animated Java (https://animated-java.dev/)",
	"textures": {
		"0": "nyctocosm:mobs/death_walker/death_walker"
	},
	"elements": [
		{
			"faces": {
				"north": {"uv": [2.8125, 1.4375, 3.84375, 2.65625], "texture": "#0"},
				"east": {"uv": [2.59375, 3.875, 3.40625, 5.09375], "texture": "#0"},
				"south": {"uv": [2.8125, 2.65625, 3.84375, 3.875], "texture": "#0"},
				"west": {"uv": [3.96875, 0, 4.78125, 1.21875], "texture": "#0"},
				"up": {"uv": [5.25, 4.78125, 4.21875, 3.96875], "texture": "#0"},
				"down": {"uv": [1.84375, 4.3125, 0.8125, 5.125], "texture": "#0"}
			},
			"to": [14.6, 12.7, 13.2],
			"from": [1.4, -2.7, 2.8],
			"rotation": {"angle": 0, "axis": "y", "origin": [8, 5, 8]}
		}
	],
	"display": {
		"head": {
			"translation": [0, 5.6, 0],
			"scale": [4, 4, 4],
			"rotation": [0, 0, 0]
		}
	}
}