{
	"__credit": "Generated using Animated Java (https://animated-java.dev/)",
	"textures": {},
	"elements": [
		{
			"faces": {
				"north": {"uv": [0, 0, 10, 16], "texture": "#missing"},
				"east": {"uv": [0, 0, 10, 16], "texture": "#missing"},
				"south": {"uv": [0, 0, 10, 16], "texture": "#missing"},
				"west": {"uv": [0, 0, 10, 16], "texture": "#missing"},
				"up": {"uv": [0, 0, 10, 10], "texture": "#missing"},
				"down": {"uv": [0, 0, 10, 10], "texture": "#missing"}
			},
			"to": [10, 7.8, 10],
			"from": [6, -25.2, 6],
			"rotation": {"angle": 0, "axis": "y", "origin": [4.9, 7.9, 8]}
		}
	],
	"display": {
		"head": {
			"translation": [0, 5.6, 0],
			"scale": [4, 4, 4],
			"rotation": [0, 0, 0]
		}
	}
}