{
	"__credit": "Generated using Animated Java (https://animated-java.dev/)",
	"textures": {
		"0": "nyctocosm:mobs/death_walker/death_walker"
	},
	"elements": [
		{
			"faces": {
				"north": {"uv": [6.84375, 0, 7.0625, 1.40625], "texture": "#0"},
				"east": {"uv": [6.84375, 1.40625, 7.0625, 2.8125], "texture": "#0"},
				"south": {"uv": [2.3125, 6.84375, 2.53125, 8.25], "texture": "#0"},
				"west": {"uv": [2.53125, 6.84375, 2.75, 8.25], "texture": "#0"},
				"up": {"uv": [5.9375, 5.28125, 5.71875, 5.0625], "texture": "#0"},
				"down": {"uv": [7.40625, 3.0625, 7.1875, 3.28125], "texture": "#0"}
			},
			"to": [9.4, 13.9, 9.4],
			"from": [6.6, -3.9, 6.6],
			"rotation": {"angle": 0, "axis": "y", "origin": [-7.2, -12.7, 6.4]}
		}
	],
	"display": {
		"head": {
			"translation": [0, 5.6, 0],
			"scale": [4, 4, 4],
			"rotation": [0, 0, 0]
		}
	}
}