{
	"__credit": "Generated using Animated Java (https://animated-java.dev/)",
	"textures": {
		"0": "nyctocosm:mobs/death_walker/death_walker"
	},
	"elements": [
		{
			"faces": {
				"north": {"uv": [5.65625, 6.4375, 5.90625, 7.6875], "texture": "#0"},
				"east": {"uv": [4.59375, 6.53125, 4.84375, 7.78125], "texture": "#0"},
				"south": {"uv": [4.84375, 6.53125, 5.09375, 7.78125], "texture": "#0"},
				"west": {"uv": [5.09375, 6.53125, 5.34375, 7.78125], "texture": "#0"},
				"up": {"uv": [5.96875, 5.0625, 5.71875, 4.8125], "texture": "#0"},
				"down": {"uv": [7.28125, 7.09375, 7.03125, 7.34375], "texture": "#0"}
			},
			"to": [9.6, 13, 9.6],
			"from": [6.4, -3, 6.4],
			"rotation": {"angle": 0, "axis": "y", "origin": [8, 5, 8]}
		}
	],
	"display": {
		"head": {
			"translation": [0, 5.6, 0],
			"scale": [4, 4, 4],
			"rotation": [0, 0, 0]
		}
	}
}