{
	"__credit": "Generated using Animated Java (https://animated-java.dev/)",
	"textures": {
		"0": "nyctocosm:mobs/death_walker/death_walker"
	},
	"elements": [
		{
			"faces": {
				"north": {"uv": [2.0625, 5.8125, 2.3125, 7.0625], "texture": "#0"},
				"east": {"uv": [6.34375, 2.3125, 6.59375, 3.5625], "texture": "#0"},
				"south": {"uv": [0.625, 6.375, 0.875, 7.625], "texture": "#0"},
				"west": {"uv": [0.875, 6.375, 1.125, 7.625], "texture": "#0"},
				"up": {"uv": [2.59375, 4.5625, 2.34375, 4.3125], "texture": "#0"},
				"down": {"uv": [2.59375, 4.5625, 2.34375, 4.8125], "texture": "#0"}
			},
			"to": [9.6, 13, 9.6],
			"from": [6.4, -3, 6.4],
			"rotation": {"angle": 0, "axis": "y", "origin": [8, 5, 8]}
		}
	],
	"display": {
		"head": {
			"translation": [0, 5.6, 0],
			"scale": [4, 4, 4],
			"rotation": [0, 0, 0]
		}
	}
}