{
	"credit": "Made with Blockbench",
	"texture_size": [128, 128],
	"textures": {
		"0": "nyctocosm:items/wyrmsliver/wyrmsliver",
		"particle": "nyctocosm:items/wyrmsliver/wyrmsliver"
	},
	"elements": [
		{
			"from": [7, -4, 7.5],
			"to": [9, 27, 8.5],
			"rotation": {"angle": 0, "axis": "y", "origin": [7.5, 7.5, 7.5]},
			"faces": {
				"north": {"uv": [1.125, 3.875, 1.375, 7.75], "texture": "#0"},
				"east": {"uv": [2.125, 3.875, 2.25, 7.75], "texture": "#0"},
				"south": {"uv": [1.375, 3.875, 1.625, 7.75], "texture": "#0"},
				"west": {"uv": [2.25, 3.875, 2.375, 7.75], "texture": "#0"},
				"up": {"uv": [5, 3.125, 4.75, 3], "texture": "#0"},
				"down": {"uv": [5, 3.125, 4.75, 3.25], "texture": "#0"}
			}
		},
		{
			"from": [7.75, -4, 7.35],
			"to": [8.25, 26.75, 8.65],
			"rotation": {"angle": 0, "axis": "y", "origin": [7.5, 7.5, 7.5]},
			"faces": {
				"north": {"uv": [2.375, 3.875, 2.4375, 7.75], "texture": "#0"},
				"east": {"uv": [1.625, 3.875, 1.8125, 7.75], "texture": "#0"},
				"south": {"uv": [2.5, 3.875, 2.5625, 7.75], "texture": "#0"},
				"west": {"uv": [1.875, 3.875, 2.0625, 7.75], "texture": "#0"},
				"up": {"uv": [5.1875, 2.1875, 5.125, 2], "texture": "#0"},
				"down": {"uv": [5.1875, 2.25, 5.125, 2.4375], "texture": "#0"}
			}
		},
		{
			"from": [6.5, -4, 8],
			"to": [9.5, 32, 8],
			"rotation": {"angle": 0, "axis": "y", "origin": [7.5, 7.5, 7.5]},
			"faces": {
				"north": {"uv": [3.75, 3.5, 4.125, 8], "texture": "#0"},
				"south": {"uv": [0.75, 3.875, 1.125, 8.375], "texture": "#0"}
			}
		},
		{
			"from": [5.75, -2, 7.75],
			"to": [10.25, -1, 8.25],
			"rotation": {"angle": 0, "axis": "y", "origin": [7.5, 7.5, 7.5]},
			"faces": {
				"north": {"uv": [4.125, 1.75, 4.6875, 1.875], "texture": "#0"},
				"east": {"uv": [5.125, 2.5, 5.1875, 2.625], "texture": "#0"},
				"south": {"uv": [4.125, 1.875, 4.6875, 2], "texture": "#0"},
				"west": {"uv": [5.125, 2.625, 5.1875, 2.75], "texture": "#0"},
				"up": {"uv": [5.3125, 0.5625, 4.75, 0.5], "texture": "#0"},
				"down": {"uv": [5.3125, 0.625, 4.75, 0.6875], "texture": "#0"}
			}
		},
		{
			"from": [5.75, -4, 7.75],
			"to": [10.25, -3, 8.25],
			"rotation": {"angle": 0, "axis": "y", "origin": [7.5, 5.5, 7.5]},
			"faces": {
				"north": {"uv": [4.125, 3.75, 4.6875, 3.875], "texture": "#0"},
				"east": {"uv": [5.25, 0.25, 5.3125, 0.375], "texture": "#0"},
				"south": {"uv": [4.125, 3.875, 4.6875, 4], "texture": "#0"},
				"west": {"uv": [0.375, 5.25, 0.4375, 5.375], "texture": "#0"},
				"up": {"uv": [5.3125, 1.8125, 4.75, 1.75], "texture": "#0"},
				"down": {"uv": [5.3125, 1.875, 4.75, 1.9375], "texture": "#0"}
			}
		},
		{
			"from": [5.75, 0, 7.75],
			"to": [10.25, 1, 8.25],
			"rotation": {"angle": 0, "axis": "y", "origin": [7.5, 7.5, 7.5]},
			"faces": {
				"north": {"uv": [4.125, 3.5, 4.6875, 3.625], "texture": "#0"},
				"east": {"uv": [5.25, 0, 5.3125, 0.125], "texture": "#0"},
				"south": {"uv": [4.125, 3.625, 4.6875, 3.75], "texture": "#0"},
				"west": {"uv": [5.25, 0.125, 5.3125, 0.25], "texture": "#0"},
				"up": {"uv": [5.3125, 0.8125, 4.75, 0.75], "texture": "#0"},
				"down": {"uv": [5.3125, 0.875, 4.75, 0.9375], "texture": "#0"}
			}
		},
		{
			"from": [7.25, -12, 7.25],
			"to": [8.75, -4, 8.75],
			"rotation": {"angle": 0, "axis": "y", "origin": [7.5, 7.5, 7.5]},
			"faces": {
				"north": {"uv": [3.875, 1, 4.0625, 2], "texture": "#0"},
				"east": {"uv": [3.875, 2, 4.0625, 3], "texture": "#0"},
				"south": {"uv": [2.625, 3.875, 2.8125, 4.875], "texture": "#0"},
				"west": {"uv": [2.875, 3.875, 3.0625, 4.875], "texture": "#0"},
				"up": {"uv": [4.9375, 0.4375, 4.75, 0.25], "texture": "#0"},
				"down": {"uv": [0.5625, 4.75, 0.375, 4.9375], "texture": "#0"}
			}
		},
		{
			"from": [7, -14, 7],
			"to": [9, -12, 9],
			"rotation": {"angle": 0, "axis": "y", "origin": [7.5, 7.5, 7.5]},
			"faces": {
				"north": {"uv": [4.125, 4, 4.375, 4.25], "texture": "#0"},
				"east": {"uv": [3.125, 4.25, 3.375, 4.5], "texture": "#0"},
				"south": {"uv": [3.375, 4.25, 3.625, 4.5], "texture": "#0"},
				"west": {"uv": [4.125, 4.25, 4.375, 4.5], "texture": "#0"},
				"up": {"uv": [4.625, 1.25, 4.375, 1], "texture": "#0"},
				"down": {"uv": [4.625, 1.25, 4.375, 1.5], "texture": "#0"}
			}
		},
		{
			"from": [7, -14.5, 7],
			"to": [9, -14, 7],
			"rotation": {"angle": 0, "axis": "y", "origin": [7.5, 7, 7.5]},
			"faces": {
				"north": {"uv": [5, 4.125, 5.25, 4.1875], "texture": "#0"},
				"south": {"uv": [5, 4.25, 5.25, 4.3125], "texture": "#0"}
			}
		},
		{
			"from": [7, -14.5, 9],
			"to": [9, -14, 9],
			"rotation": {"angle": 0, "axis": "y", "origin": [7.5, 7, 8.5]},
			"faces": {
				"north": {"uv": [5, 4.375, 5.25, 4.4375], "texture": "#0"},
				"south": {"uv": [5, 4.5, 5.25, 4.5625], "texture": "#0"}
			}
		},
		{
			"from": [7, -14.5, 7],
			"to": [7, -14, 9],
			"rotation": {"angle": 0, "axis": "y", "origin": [8, -14.25, 8]},
			"faces": {
				"east": {"uv": [5, 4.875, 5.25, 4.9375], "texture": "#0"},
				"west": {"uv": [5, 5, 5.25, 5.0625], "texture": "#0"}
			}
		},
		{
			"from": [9, -14.5, 7],
			"to": [9, -14, 9],
			"rotation": {"angle": 0, "axis": "y", "origin": [8, -14.25, 8]},
			"faces": {
				"east": {"uv": [5, 4.625, 5.25, 4.6875], "texture": "#0"},
				"west": {"uv": [5, 4.75, 5.25, 4.8125], "texture": "#0"}
			}
		},
		{
			"from": [12.43924, -8.46036, 7.475],
			"to": [13.43924, -6.96036, 8.525],
			"rotation": {"angle": 22.5, "axis": "z", "origin": [12.93924, -10.21036, 8]},
			"faces": {
				"north": {"uv": [4.75, 4.875, 4.875, 5.0625], "texture": "#0"},
				"east": {"uv": [4.875, 4.875, 5, 5.0625], "texture": "#0"},
				"south": {"uv": [5, 0.25, 5.125, 0.4375], "texture": "#0"},
				"west": {"uv": [0.375, 5, 0.5, 5.1875], "texture": "#0"},
				"up": {"uv": [3.625, 5.125, 3.5, 5], "texture": "#0"},
				"down": {"uv": [5.125, 3.5, 5, 3.625], "texture": "#0"}
			}
		},
		{
			"from": [7.56127, -7.5, 7.5],
			"to": [12.06127, -6.5, 8.5],
			"rotation": {"angle": -22.5, "axis": "z", "origin": [10.81127, -7, 8]},
			"faces": {
				"north": {"uv": [4.125, 2.5, 4.6875, 2.625], "texture": "#0"},
				"east": {"uv": [5, 3.625, 5.125, 3.75], "texture": "#0"},
				"south": {"uv": [4.125, 2.625, 4.6875, 2.75], "texture": "#0"},
				"west": {"uv": [4.125, 5, 4.25, 5.125], "texture": "#0"},
				"up": {"uv": [4.6875, 2.875, 4.125, 2.75], "texture": "#0"},
				"down": {"uv": [4.6875, 2.875, 4.125, 3], "texture": "#0"}
			}
		},
		{
			"from": [3.93873, -7.5, 7.5],
			"to": [8.43873, -6.5, 8.5],
			"rotation": {"angle": 22.5, "axis": "z", "origin": [5.18873, -7, 8]},
			"faces": {
				"north": {"uv": [4.125, 2, 4.6875, 2.125], "texture": "#0"},
				"east": {"uv": [3.375, 5, 3.5, 5.125], "texture": "#0"},
				"south": {"uv": [4.125, 2.125, 4.6875, 2.25], "texture": "#0"},
				"west": {"uv": [5, 3.375, 5.125, 3.5], "texture": "#0"},
				"up": {"uv": [4.6875, 2.375, 4.125, 2.25], "texture": "#0"},
				"down": {"uv": [4.6875, 2.375, 4.125, 2.5], "texture": "#0"}
			}
		},
		{
			"from": [2.56076, -8.46036, 7.475],
			"to": [3.56076, -6.96036, 8.525],
			"rotation": {"angle": -22.5, "axis": "z", "origin": [3.06076, -10.21036, 8]},
			"faces": {
				"north": {"uv": [4.375, 4.875, 4.5, 5.0625], "texture": "#0"},
				"east": {"uv": [4.5, 4.875, 4.625, 5.0625], "texture": "#0"},
				"south": {"uv": [4.625, 4.875, 4.75, 5.0625], "texture": "#0"},
				"west": {"uv": [4.875, 4.625, 5, 4.8125], "texture": "#0"},
				"up": {"uv": [5, 4.25, 4.875, 4.125], "texture": "#0"},
				"down": {"uv": [3.375, 5, 3.25, 5.125], "texture": "#0"}
			}
		},
		{
			"from": [7.56127, -5.5, 7],
			"to": [14.06127, -4.5, 9],
			"rotation": {"angle": -22.5, "axis": "z", "origin": [10.81127, -5, 8]},
			"faces": {
				"north": {"uv": [3.875, 3.25, 4.6875, 3.375], "texture": "#0"},
				"east": {"uv": [4.75, 2.25, 5, 2.375], "texture": "#0"},
				"south": {"uv": [3.875, 3.375, 4.6875, 3.5], "texture": "#0"},
				"west": {"uv": [4.75, 2.375, 5, 2.5], "texture": "#0"},
				"up": {"uv": [4.6875, 0.75, 3.875, 0.5], "texture": "#0"},
				"down": {"uv": [4.6875, 0.75, 3.875, 1], "texture": "#0"}
			}
		},
		{
			"from": [14.287, -7.22573, 6.975],
			"to": [15.287, -5.72573, 9.025],
			"rotation": {"angle": 22.5, "axis": "z", "origin": [14.787, -8.97573, 8]},
			"faces": {
				"north": {"uv": [0, 4.875, 0.125, 5.0625], "texture": "#0"},
				"east": {"uv": [4.625, 1.5, 4.875, 1.6875], "texture": "#0"},
				"south": {"uv": [0.125, 4.875, 0.25, 5.0625], "texture": "#0"},
				"west": {"uv": [3.125, 4.625, 3.375, 4.8125], "texture": "#0"},
				"up": {"uv": [0.75, 5, 0.625, 4.75], "texture": "#0"},
				"down": {"uv": [4.875, 3.75, 4.75, 4], "texture": "#0"}
			}
		},
		{
			"from": [12.23096, -3.66114, 6.6903],
			"to": [12.73096, -2.91114, 9.3097],
			"rotation": {"angle": -22.5, "axis": "z", "origin": [12.48096, -3.16114, 8.8097]},
			"faces": {
				"north": {"uv": [4.5, 5.125, 4.5625, 5.25], "texture": "#0"},
				"east": {"uv": [4.75, 0, 5.0625, 0.125], "texture": "#0"},
				"south": {"uv": [4.625, 5.125, 4.6875, 5.25], "texture": "#0"},
				"west": {"uv": [4.75, 0.125, 5.0625, 0.25], "texture": "#0"},
				"up": {"uv": [5.0625, 3.3125, 5, 3], "texture": "#0"},
				"down": {"uv": [3.1875, 5, 3.125, 5.3125], "texture": "#0"}
			}
		},
		{
			"from": [12.99633, -4.56338, 5.6903],
			"to": [13.49633, -3.06338, 6.6903],
			"rotation": {"angle": -22.5, "axis": "z", "origin": [13.24633, -1.31338, 6.1903]},
			"faces": {
				"north": {"uv": [5.125, 1, 5.1875, 1.1875], "texture": "#0"},
				"east": {"uv": [2.75, 5, 2.875, 5.1875], "texture": "#0"},
				"south": {"uv": [5.125, 1.25, 5.1875, 1.4375], "texture": "#0"},
				"west": {"uv": [5, 2.75, 5.125, 2.9375], "texture": "#0"},
				"up": {"uv": [4.1875, 5.25, 4.125, 5.125], "texture": "#0"},
				"down": {"uv": [4.4375, 5.125, 4.375, 5.25], "texture": "#0"}
			}
		},
		{
			"from": [8.65694, -4.52636, 5.6903],
			"to": [12.15694, -4.02636, 6.6903],
			"rotation": {"angle": 22.5, "axis": "z", "origin": [11.90694, -4.27636, 6.1903]},
			"faces": {
				"north": {"uv": [4.875, 3.875, 5.3125, 3.9375], "texture": "#0"},
				"east": {"uv": [5, 5.125, 5.125, 5.1875], "texture": "#0"},
				"south": {"uv": [4.875, 4, 5.3125, 4.0625], "texture": "#0"},
				"west": {"uv": [5.125, 5.125, 5.25, 5.1875], "texture": "#0"},
				"up": {"uv": [5.0625, 1.375, 4.625, 1.25], "texture": "#0"},
				"down": {"uv": [5.0625, 1.375, 4.625, 1.5], "texture": "#0"}
			}
		},
		{
			"from": [7, -5.75105, 5.6903],
			"to": [9, -3.75105, 6.6903],
			"rotation": {"angle": 0, "axis": "y", "origin": [7.5, 9.24895, 7.9403]},
			"faces": {
				"north": {"uv": [4.375, 1.5, 4.625, 1.75], "texture": "#0"},
				"east": {"uv": [3.625, 3.875, 3.75, 4.125], "texture": "#0"},
				"south": {"uv": [4.375, 4, 4.625, 4.25], "texture": "#0"},
				"west": {"uv": [3.625, 4.125, 3.75, 4.375], "texture": "#0"},
				"up": {"uv": [5, 3.375, 4.75, 3.25], "texture": "#0"},
				"down": {"uv": [5, 3.375, 4.75, 3.5], "texture": "#0"}
			}
		},
		{
			"from": [3.84306, -4.52636, 5.6903],
			"to": [7.34306, -4.02636, 6.6903],
			"rotation": {"angle": -22.5, "axis": "z", "origin": [4.09306, -4.27636, 6.1903]},
			"faces": {
				"north": {"uv": [4.375, 4.75, 4.8125, 4.8125], "texture": "#0"},
				"east": {"uv": [5.125, 2.75, 5.25, 2.8125], "texture": "#0"},
				"south": {"uv": [4.875, 1.5, 5.3125, 1.5625], "texture": "#0"},
				"west": {"uv": [5.125, 2.875, 5.25, 2.9375], "texture": "#0"},
				"up": {"uv": [0.6875, 4.625, 0.25, 4.5], "texture": "#0"},
				"down": {"uv": [3.5625, 4.5, 3.125, 4.625], "texture": "#0"}
			}
		},
		{
			"from": [2.50367, -4.56338, 5.6903],
			"to": [3.00367, -3.06338, 6.6903],
			"rotation": {"angle": 22.5, "axis": "z", "origin": [2.75367, -1.31338, 6.1903]},
			"faces": {
				"north": {"uv": [4.25, 5, 4.3125, 5.1875], "texture": "#0"},
				"east": {"uv": [0.5, 5, 0.625, 5.1875], "texture": "#0"},
				"south": {"uv": [0, 5.125, 0.0625, 5.3125], "texture": "#0"},
				"west": {"uv": [0.625, 5, 0.75, 5.1875], "texture": "#0"},
				"up": {"uv": [3.4375, 5.25, 3.375, 5.125], "texture": "#0"},
				"down": {"uv": [5.1875, 3.375, 5.125, 3.5], "texture": "#0"}
			}
		},
		{
			"from": [7, -3.92417, 6.15273],
			"to": [9, -2.92417, 8.65273],
			"rotation": {"angle": -22.5, "axis": "x", "origin": [8, -4.5, 8]},
			"faces": {
				"north": {"uv": [4.75, 2.5, 5, 2.625], "texture": "#0"},
				"east": {"uv": [4.125, 4.625, 4.4375, 4.75], "texture": "#0"},
				"south": {"uv": [4.75, 2.625, 5, 2.75], "texture": "#0"},
				"west": {"uv": [4.625, 4.25, 4.9375, 4.375], "texture": "#0"},
				"up": {"uv": [3.375, 4.1875, 3.125, 3.875], "texture": "#0"},
				"down": {"uv": [3.625, 3.875, 3.375, 4.1875], "texture": "#0"}
			}
		},
		{
			"from": [3.26904, -3.66114, 6.6903],
			"to": [3.76904, -2.91114, 9.3097],
			"rotation": {"angle": 22.5, "axis": "z", "origin": [3.51904, -3.16114, 8.8097]},
			"faces": {
				"north": {"uv": [3.25, 5.125, 3.3125, 5.25], "texture": "#0"},
				"east": {"uv": [4.625, 4.5, 4.9375, 4.625], "texture": "#0"},
				"south": {"uv": [5.125, 3.25, 5.1875, 3.375], "texture": "#0"},
				"west": {"uv": [0, 4.75, 0.3125, 4.875], "texture": "#0"},
				"up": {"uv": [2.9375, 5.3125, 2.875, 5], "texture": "#0"},
				"down": {"uv": [3.0625, 5, 3, 5.3125], "texture": "#0"}
			}
		},
		{
			"from": [2.50367, -4.56338, 9.3097],
			"to": [3.00367, -3.06338, 10.3097],
			"rotation": {"angle": 22.5, "axis": "z", "origin": [2.75367, -1.31338, 9.8097]},
			"faces": {
				"north": {"uv": [5.125, 0, 5.1875, 0.1875], "texture": "#0"},
				"east": {"uv": [5, 2, 5.125, 2.1875], "texture": "#0"},
				"south": {"uv": [0.125, 5.125, 0.1875, 5.3125], "texture": "#0"},
				"west": {"uv": [5, 2.25, 5.125, 2.4375], "texture": "#0"},
				"up": {"uv": [3.5625, 5.25, 3.5, 5.125], "texture": "#0"},
				"down": {"uv": [5.1875, 3.5, 5.125, 3.625], "texture": "#0"}
			}
		},
		{
			"from": [1.93873, -5.5, 7],
			"to": [8.43873, -4.5, 9],
			"rotation": {"angle": 22.5, "axis": "z", "origin": [5.18873, -5, 8]},
			"faces": {
				"north": {"uv": [3.875, 3, 4.6875, 3.125], "texture": "#0"},
				"east": {"uv": [4.75, 2, 5, 2.125], "texture": "#0"},
				"south": {"uv": [3.875, 3.125, 4.6875, 3.25], "texture": "#0"},
				"west": {"uv": [4.75, 2.125, 5, 2.25], "texture": "#0"},
				"up": {"uv": [4.6875, 0.25, 3.875, 0], "texture": "#0"},
				"down": {"uv": [4.6875, 0.25, 3.875, 0.5], "texture": "#0"}
			}
		},
		{
			"from": [0.713, -7.22573, 6.975],
			"to": [1.713, -5.72573, 9.025],
			"rotation": {"angle": -22.5, "axis": "z", "origin": [1.213, -8.97573, 8]},
			"faces": {
				"north": {"uv": [0.25, 4.875, 0.375, 5.0625], "texture": "#0"},
				"east": {"uv": [3.375, 4.625, 3.625, 4.8125], "texture": "#0"},
				"south": {"uv": [3.625, 4.875, 3.75, 5.0625], "texture": "#0"},
				"west": {"uv": [4.625, 4, 4.875, 4.1875], "texture": "#0"},
				"up": {"uv": [4.25, 5, 4.125, 4.75], "texture": "#0"},
				"down": {"uv": [4.375, 4.75, 4.25, 5], "texture": "#0"}
			}
		},
		{
			"from": [3.84306, -4.52636, 9.3097],
			"to": [7.34306, -4.02636, 10.3097],
			"rotation": {"angle": -22.5, "axis": "z", "origin": [4.09306, -4.27636, 9.8097]},
			"faces": {
				"north": {"uv": [4.875, 1.625, 5.3125, 1.6875], "texture": "#0"},
				"east": {"uv": [5.125, 3, 5.25, 3.0625], "texture": "#0"},
				"south": {"uv": [2.625, 4.875, 3.0625, 4.9375], "texture": "#0"},
				"west": {"uv": [5.125, 3.125, 5.25, 3.1875], "texture": "#0"},
				"up": {"uv": [4.5625, 4.625, 4.125, 4.5], "texture": "#0"},
				"down": {"uv": [0.6875, 4.625, 0.25, 4.75], "texture": "#0"}
			}
		},
		{
			"from": [7, -5.75105, 9.3097],
			"to": [9, -3.75105, 10.3097],
			"rotation": {"angle": 0, "axis": "y", "origin": [7.5, 9.24895, 8.0597]},
			"faces": {
				"north": {"uv": [4.375, 4.25, 4.625, 4.5], "texture": "#0"},
				"east": {"uv": [3.625, 4.375, 3.75, 4.625], "texture": "#0"},
				"south": {"uv": [0, 4.5, 0.25, 4.75], "texture": "#0"},
				"west": {"uv": [3.625, 4.625, 3.75, 4.875], "texture": "#0"},
				"up": {"uv": [5, 3.625, 4.75, 3.5], "texture": "#0"},
				"down": {"uv": [5, 3.625, 4.75, 3.75], "texture": "#0"}
			}
		},
		{
			"from": [7, -3.92417, 7.34727],
			"to": [9, -2.92417, 9.84727],
			"rotation": {"angle": 22.5, "axis": "x", "origin": [8, -4.5, 8]},
			"faces": {
				"north": {"uv": [4.75, 2.75, 5, 2.875], "texture": "#0"},
				"east": {"uv": [4.625, 4.375, 4.9375, 4.5], "texture": "#0"},
				"south": {"uv": [4.75, 2.875, 5, 3], "texture": "#0"},
				"west": {"uv": [4.5, 4.625, 4.8125, 4.75], "texture": "#0"},
				"up": {"uv": [4.375, 1.3125, 4.125, 1], "texture": "#0"},
				"down": {"uv": [4.375, 1.375, 4.125, 1.6875], "texture": "#0"}
			}
		},
		{
			"from": [8.65694, -4.52636, 9.3097],
			"to": [12.15694, -4.02636, 10.3097],
			"rotation": {"angle": 22.5, "axis": "z", "origin": [11.90694, -4.27636, 9.8097]},
			"faces": {
				"north": {"uv": [3.125, 4.875, 3.5625, 4.9375], "texture": "#0"},
				"east": {"uv": [4.75, 5.125, 4.875, 5.1875], "texture": "#0"},
				"south": {"uv": [4.875, 3.75, 5.3125, 3.8125], "texture": "#0"},
				"west": {"uv": [4.875, 5.125, 5, 5.1875], "texture": "#0"},
				"up": {"uv": [5.0625, 1.125, 4.625, 1], "texture": "#0"},
				"down": {"uv": [5.0625, 1.125, 4.625, 1.25], "texture": "#0"}
			}
		},
		{
			"from": [12.99633, -4.56338, 9.3097],
			"to": [13.49633, -3.06338, 10.3097],
			"rotation": {"angle": -22.5, "axis": "z", "origin": [13.24633, -1.31338, 9.8097]},
			"faces": {
				"north": {"uv": [0.25, 5.125, 0.3125, 5.3125], "texture": "#0"},
				"east": {"uv": [5, 2.5, 5.125, 2.6875], "texture": "#0"},
				"south": {"uv": [5.125, 0.25, 5.1875, 0.4375], "texture": "#0"},
				"west": {"uv": [2.625, 5, 2.75, 5.1875], "texture": "#0"},
				"up": {"uv": [3.6875, 5.25, 3.625, 5.125], "texture": "#0"},
				"down": {"uv": [5.1875, 3.625, 5.125, 3.75], "texture": "#0"}
			}
		}
	],
	"display": {
		"thirdperson_righthand": {
			"rotation": [0, 90, 0],
			"translation": [0, 12.75, 1],
			"scale": [0.8, 0.8, 0.8]
		},
		"thirdperson_lefthand": {
			"rotation": [0, 90, 0],
			"translation": [0, 12.75, 1],
			"scale": [0.8, 0.8, 0.8]
		},
		"firstperson_righthand": {
			"rotation": [-71, -112, -25],
			"translation": [0.5, 6.5, -3],
			"scale": [0.68, 0.68, 0.68]
		},
		"firstperson_lefthand": {
			"rotation": [-71, -112, -25],
			"translation": [0.5, 6.5, -3],
			"scale": [0.68, 0.68, 0.68]
		},
		"ground": {
			"rotation": [0, 0, 33],
			"translation": [0, 14.5, 0],
			"scale": [0.8, 0.8, 0.8]
		},
		"gui": {
			"rotation": [-4.93, -6.26, -45.94],
			"scale": [0.4, 0.4, 0.4]
		},
		"fixed": {
			"translation": [0, 0, -1.25],
			"scale": [0.4, 0.4, 0.4]
		}
	},
	"groups": [
		{
			"name": "blade",
			"origin": [7.5, 7.5, 7.5],
			"color": 0,
			"nbt": "{}",
			"armAnimationEnabled": false,
			"children": [0, 1, 2, 3, 4, 5]
		},
		{
			"name": "handle",
			"origin": [8, -4.5, 8],
			"color": 0,
			"nbt": "{}",
			"armAnimationEnabled": false,
			"children": [6, 7, 8, 9, 10, 11, 12, 13, 14, 15, 16, 17, 18, 19, 20, 21, 22, 23, 24, 25, 26, 27, 28, 29, 30, 31, 32, 33]
		}
	]
}